Workbook

Sheet Team Database
A1: CBB RESEARCH HUB — TEAM DATABASE (2025-26)
A2: ⚠ SAMPLE DATA — Update efficiency (T,U,W) weekly from kenpom.com | Update ATS/O-U weekly from teamrankings.com
A3: # | B3: Team | C3: Conf | D3: W | E3: L | F3: ATS W | G3: ATS L | H3: ATS Push | I3: ATS % | J3: H-ATS W | K3: H-ATS L | L3: Home ATS% | M3: A-ATS W | N3: A-ATS L | O3: Away ATS% | P3: Overs | Q3: Unders | R3: O/U Push | S3: Over% | T3: Adj OE | U3: Adj DE | V3: Adj EM | W3: Tempo | X3: PPG For | Y3: PPG Ag | Z3: Last 5 ATS
A4: =RANK(V4,V$4:V$43,0) -> 2 | B4: Duke | C4: ACC | D4: 23 | E4: 4 | F4: 16 | G4: 9 | H4: 2 | I4: =IFERROR(F4/(F4+G4),0) -> 0.64 | J4: 11 | K4: 3 | L4: =IFERROR(J4/(J4+K4),0) -> 0.78571429 | M4: 5 | N4: 6 | O4: =IFERROR(M4/(M4+N4),0) -> 0.45454545 | P4: 13 | Q4: 13 | R4: 1 | S4: =IFERROR(P4/(P4+Q4),0) -> 0.5 | T4: 122.4 | U4: 93.8 | V4: =T4-U4 -> 28.6 | W4: 68.2 | X4: 83.1 | Y4: 68.4 | Z4: 3-2
A5: =RANK(V5,V$4:V$43,0) -> 1 | B5: Auburn | C5: SEC | D5: 24 | E5: 3 | F5: 18 | G5: 7 | H5: 2 | I5: =IFERROR(F5/(F5+G5),0) -> 0.72 | J5: 12 | K5: 2 | L5: =IFERROR(J5/(J5+K5),0) -> 0.85714286 | M5: 6 | N5: 5 | O5: =IFERROR(M5/(M5+N5),0) -> 0.54545455 | P5: 14 | Q5: 12 | R5: 1 | S5: =IFERROR(P5/(P5+Q5),0) -> 0.53846154 | T5: 121.8 | U5: 92.1 | V5: =T5-U5 -> 29.7 | W5: 71.4 | X5: 85.2 | Y5: 67.3 | Z5: 4-1
A6: =RANK(V6,V$4:V$43,0) -> 5 | B6: Houston | C6: Big 12 | D6: 22 | E6: 4 | F6: 17 | G6: 8 | H6: 2 | I6: =IFERROR(F6/(F6+G6),0) -> 0.68 | J6: 11 | K6: 3 | L6: =IFERROR(J6/(J6+K6),0) -> 0.78571429 | M6: 6 | N6: 5 | O6: =IFERROR(M6/(M6+N6),0) -> 0.54545455 | P6: 11 | Q6: 15 | R6: 1 | S6: =IFERROR(P6/(P6+Q6),0) -> 0.42307692 | T6: 115.2 | U6: 90.4 | V6: =T6-U6 -> 24.8 | W6: 63.8 | X6: 74.6 | Y6: 62.1 | Z6: 2-3
A7: =RANK(V7,V$4:V$43,0) -> 3 | B7: Tennessee | C7: SEC | D7: 22 | E7: 5 | F7: 16 | G7: 9 | H7: 2 | I7: =IFERROR(F7/(F7+G7),0) -> 0.64 | J7: 12 | K7: 2 | L7: =IFERROR(J7/(J7+K7),0) -> 0.85714286 | M7: 4 | N7: 7 | O7: =IFERROR(M7/(M7+N7),0) -> 0.36363636 | P7: 13 | Q7: 13 | R7: 1 | S7: =IFERROR(P7/(P7+Q7),0) -> 0.5 | T7: 116.8 | U7: 91.2 | V7: =T7-U7 -> 25.6 | W7: 65.1 | X7: 76.3 | Y7: 63.8 | Z7: 3-2
A8: =RANK(V8,V$4:V$43,0) -> 4 | B8: UConn | C8: Big East | D8: 21 | E8: 5 | F8: 15 | G8: 9 | H8: 3 | I8: =IFERROR(F8/(F8+G8),0) -> 0.625 | J8: 11 | K8: 2 | L8: =IFERROR(J8/(J8+K8),0) -> 0.84615385 | M8: 4 | N8: 7 | O8: =IFERROR(M8/(M8+N8),0) -> 0.36363636 | P8: 12 | Q8: 14 | R8: 1 | S8: =IFERROR(P8/(P8+Q8),0) -> 0.46153846 | T8: 119.4 | U8: 94.2 | V8: =T8-U8 -> 25.2 | W8: 65.8 | X8: 78.4 | Y8: 65.2 | Z8: 2-3
A9: =RANK(V9,V$4:V$43,0) -> 6 | B9: Kansas | C9: Big 12 | D9: 20 | E9: 6 | F9: 15 | G9: 10 | H9: 2 | I9: =IFERROR(F9/(F9+G9),0) -> 0.6 | J9: 11 | K9: 3 | L9: =IFERROR(J9/(J9+K9),0) -> 0.78571429 | M9: 4 | N9: 7 | O9: =IFERROR(M9/(M9+N9),0) -> 0.36363636 | P9: 13 | Q9: 13 | R9: 1 | S9: =IFERROR(P9/(P9+Q9),0) -> 0.5 | T9: 118.6 | U9: 95.1 | V9: =T9-U9 -> 23.5 | W9: 69.8 | X9: 79.8 | Y9: 67.2 | Z9: 3-2
A10: =RANK(V10,V$4:V$43,0) -> 7 | B10: Michigan State | C10: Big Ten | D10: 21 | E10: 5 | F10: 16 | G10: 9 | H10: 2 | I10: =IFERROR(F10/(F10+G10),0) -> 0.64 | J10: 12 | K10: 2 | L10: =IFERROR(J10/(J10+K10),0) -> 0.85714286 | M10: 4 | N10: 7 | O10: =IFERROR(M10/(M10+N10),0) -> 0.36363636 | P10: 12 | Q10: 14 | R10: 1 | S10: =IFERROR(P10/(P10+Q10),0) -> 0.46153846 | T10: 117.2 | U10: 93.8 | V10: =T10-U10 -> 23.4 | W10: 67.4 | X10: 76.9 | Y10: 64.4 | Z10: 2-3
A11: =RANK(V11,V$4:V$43,0) -> 10 | B11: Marquette | C11: Big East | D11: 20 | E11: 6 | F11: 17 | G11: 8 | H11: 2 | I11: =IFERROR(F11/(F11+G11),0) -> 0.68 | J11: 11 | K11: 3 | L11: =IFERROR(J11/(J11+K11),0) -> 0.78571429 | M11: 6 | N11: 4 | O11: =IFERROR(M11/(M11+N11),0) -> 0.6 | P11: 14 | Q11: 12 | R11: 1 | S11: =IFERROR(P11/(P11+Q11),0) -> 0.53846154 | T11: 118.2 | U11: 95.6 | V11: =T11-U11 -> 22.6 | W11: 70.2 | X11: 79.6 | Y11: 66.8 | Z11: 4-1
A12: =RANK(V12,V$4:V$43,0) -> 8 | B12: Purdue | C12: Big Ten | D12: 20 | E12: 6 | F12: 14 | G12: 11 | H12: 2 | I12: =IFERROR(F12/(F12+G12),0) -> 0.56 | J12: 10 | K12: 4 | L12: =IFERROR(J12/(J12+K12),0) -> 0.71428571 | M12: 4 | N12: 8 | O12: =IFERROR(M12/(M12+N12),0) -> 0.33333333 | P12: 11 | Q12: 15 | R12: 1 | S12: =IFERROR(P12/(P12+Q12),0) -> 0.42307692 | T12: 120.8 | U12: 97.4 | V12: =T12-U12 -> 23.4 | W12: 64.4 | X12: 79.2 | Y12: 68.6 | Z12: 1-4
A13: =RANK(V13,V$4:V$43,0) -> 9 | B13: Iowa State | C13: Big 12 | D13: 20 | E13: 6 | F13: 16 | G13: 9 | H13: 2 | I13: =IFERROR(F13/(F13+G13),0) -> 0.64 | J13: 11 | K13: 3 | L13: =IFERROR(J13/(J13+K13),0) -> 0.78571429 | M13: 5 | N13: 6 | O13: =IFERROR(M13/(M13+N13),0) -> 0.45454545 | P13: 13 | Q13: 13 | R13: 1 | S13: =IFERROR(P13/(P13+Q13),0) -> 0.5 | T13: 116.4 | U13: 93.6 | V13: =T13-U13 -> 22.8 | W13: 67.2 | X13: 77.4 | Y13: 65.2 | Z13: 3-2
A14: =RANK(V14,V$4:V$43,0) -> 11 | B14: St. John's | C14: Big East | D14: 22 | E14: 4 | F14: 18 | G14: 6 | H14: 3 | I14: =IFERROR(F14/(F14+G14),0) -> 0.75 | J14: 12 | K14: 1 | L14: =IFERROR(J14/(J14+K14),0) -> 0.92307692 | M14: 6 | N14: 4 | O14: =IFERROR(M14/(M14+N14),0) -> 0.6 | P14: 16 | Q14: 10 | R14: 1 | S14: =IFERROR(P14/(P14+Q14),0) -> 0.61538462 | T14: 117.8 | U14: 95.4 | V14: =T14-U14 -> 22.4 | W14: 71.6 | X14: 80.4 | Y14: 67.6 | Z14: 4-1
A15: =RANK(V15,V$4:V$43,0) -> 16 | B15: Illinois | C15: Big Ten | D15: 19 | E15: 7 | F15: 14 | G15: 11 | H15: 2 | I15: =IFERROR(F15/(F15+G15),0) -> 0.56 | J15: 10 | K15: 4 | L15: =IFERROR(J15/(J15+K15),0) -> 0.71428571 | M15: 4 | N15: 7 | O15: =IFERROR(M15/(M15+N15),0) -> 0.36363636 | P15: 10 | Q15: 16 | R15: 1 | S15: =IFERROR(P15/(P15+Q15),0) -> 0.38461538 | T15: 116.2 | U15: 94.8 | V15: =T15-U15 -> 21.4 | W15: 68.6 | X15: 77.8 | Y15: 66.4 | Z15: 2-3
... A43: =RANK(V43,V$4:V$43,0) -> 38 | B43: Iowa | C43: Big Ten | D43: 14 | E43: 12 | F43: 13 | G43: 12 | H43: 2 | I43: =IFERROR(F43/(F43+G43),0) -> 0.52 | J43: 9 | K43: 5 | L43: =IFERROR(J43/(J43+K43),0) -> 0.64285714 | M43: 4 | N43: 8 | O43: =IFERROR(M43/(M43+N43),0) -> 0.33333333 | P43: 10 | Q43: 16 | R43: 1 | S43: =IFERROR(P43/(P43+Q43),0) -> 0.38461538 | T43: 114.6 | U43: 97.8 | V43: =T43-U43 -> 16.8 | W43: 71.2 | X43: 79.4 | Y43: 71.8 | Z43: 3-2

Sheet Matchup Analyzer
B1: MATCHUP ANALYZER — Enter teams below to generate game breakdown
B3: GAME INPUTS
B4: Home Team | D4: ← Select from dropdown
B5: Away Team | D5: ← Select from dropdown
B6: Spread (Home) | D6: Negative = home favored (e.g. -5.5)
B7: Game Total | D7: e.g. 141.5
B8: Location | D8: Home / Away / Neutral
B9: Home Days Rest | D9: Days since last game
B10: Away Days Rest | D10: Days since last game
B11: Conf Game? | D11: Yes / No
B13: TEAM STATS (auto-pulled from Team Database)
B14: Metric | C14: Home Team | D14: Away Team | E14: Edge
B15: Conference | C15: =IFERROR(INDEX('Team Database'!C$4:C$43,MATCH(C4,'Team Database'!B$4:B$43,0)),"-") -> - | D15: =IFERROR(INDEX('Team Database'!C$4:C$43,MATCH(C5,'Team Database'!B$4:B$43,0)),"-") -> -
B16: Record (W-L) | C16: =IFERROR(INDEX('Team Database'!D$4:E$43,MATCH(C4,'Team Database'!B$4:B$43,0),1)&"-"&INDEX('Team Database'!D$4:E$43,MATCH(C4,'Team Database'!B$4:B$43,0),2),"-") -> - | D16: =IFERROR(INDEX('Team Database'!D$4:E$43,MATCH(C5,'Team Database'!B$4:B$43,0),1)&"-"&INDEX('Team Database'!D$4:E$43,MATCH(C5,'Team Database'!B$4:B$43,0),2),"-") -> -
B17: ATS % (Overall) | C17: =IFERROR(INDEX('Team Database'!I$4:I$43,MATCH(C4,'Team Database'!B$4:B$43,0)),"-") -> - | D17: =IFERROR(INDEX('Team Database'!I$4:I$43,MATCH(C5,'Team Database'!B$4:B$43,0)),"-") -> - | E17: =IFERROR(C17-D17,"")
B18: Home ATS % | C18: =IFERROR(INDEX('Team Database'!L$4:L$43,MATCH(C4,'Team Database'!B$4:B$43,0)),"-") -> - | D18: =IFERROR(INDEX('Team Database'!L$4:L$43,MATCH(C5,'Team Database'!B$4:B$43,0)),"-") -> - | E18: =IFERROR(C18-D18,"")
B19: Away ATS % | C19: =IFERROR(INDEX('Team Database'!O$4:O$43,MATCH(C4,'Team Database'!B$4:B$43,0)),"-") -> - | D19: =IFERROR(INDEX('Team Database'!O$4:O$43,MATCH(C5,'Team Database'!B$4:B$43,0)),"-") -> - | E19: =IFERROR(C19-D19,"")
B20: Over % | C20: =IFERROR(INDEX('Team Database'!S$4:S$43,MATCH(C4,'Team Database'!B$4:B$43,0)),"-") -> - | D20: =IFERROR(INDEX('Team Database'!S$4:S$43,MATCH(C5,'Team Database'!B$4:B$43,0)),"-") -> -
B21: Adj Off Eff | C21: =IFERROR(INDEX('Team Database'!T$4:T$43,MATCH(C4,'Team Database'!B$4:B$43,0)),"-") -> - | D21: =IFERROR(INDEX('Team Database'!T$4:T$43,MATCH(C5,'Team Database'!B$4:B$43,0)),"-") -> - | E21: =IFERROR(C21-D21,"")
B22: Adj Def Eff | C22: =IFERROR(INDEX('Team Database'!U$4:U$43,MATCH(C4,'Team Database'!B$4:B$43,0)),"-") -> - | D22: =IFERROR(INDEX('Team Database'!U$4:U$43,MATCH(C5,'Team Database'!B$4:B$43,0)),"-") -> - | E22: =IFERROR(D22-C22,"")
B23: Adj Eff Margin | C23: =IFERROR(INDEX('Team Database'!V$4:V$43,MATCH(C4,'Team Database'!B$4:B$43,0)),"-") -> - | D23: =IFERROR(INDEX('Team Database'!V$4:V$43,MATCH(C5,'Team Database'!B$4:B$43,0)),"-") -> - | E23: =IFERROR(C23-D23,"")
B24: Tempo | C24: =IFERROR(INDEX('Team Database'!W$4:W$43,MATCH(C4,'Team Database'!B$4:B$43,0)),"-") -> - | D24: =IFERROR(INDEX('Team Database'!W$4:W$43,MATCH(C5,'Team Database'!B$4:B$43,0)),"-") -> -
B25: PPG For | C25: =IFERROR(INDEX('Team Database'!X$4:X$43,MATCH(C4,'Team Database'!B$4:B$43,0)),"-") -> - | D25: =IFERROR(INDEX('Team Database'!X$4:X$43,MATCH(C5,'Team Database'!B$4:B$43,0)),"-") -> - | E25: =IFERROR(C25-D25,"")
B26: PPG Against | C26: =IFERROR(INDEX('Team Database'!Y$4:Y$43,MATCH(C4,'Team Database'!B$4:B$43,0)),"-") -> - | D26: =IFERROR(INDEX('Team Database'!Y$4:Y$43,MATCH(C5,'Team Database'!B$4:B$43,0)),"-") -> - | E26: =IFERROR(D26-C26,"")
B27: Last 5 ATS | C27: =IFERROR(INDEX('Team Database'!Z$4:Z$43,MATCH(C4,'Team Database'!B$4:B$43,0)),"-") -> - | D27: =IFERROR(INDEX('Team Database'!Z$4:Z$43,MATCH(C5,'Team Database'!B$4:B$43,0)),"-") -> -
B29: GAME PROJECTIONS
B30: Projected Pace (Poss.) | D30: Average of both teams' tempo (possessions/game)
B31: Proj. Raw Total (pts) | D31: Simple avg of both offenses vs both defenses
B32: Line vs Proj. Total | C32: =IFERROR(C7-C31,"-") -> 0 | D32: Positive = posted total above projection (lean Under)
B33: Home Eff. Edge | D33: Home AdjEM minus Away AdjEM (positive = home advantage)
B35: BETTING ANGLES — Key situational flags for this matchup
B36: Road Favorite? | C36: =IF(C5<>"-",IF(AND(C6<0,C8="Away"),"⚡ YES — Road fav ATS trends worth checking","No"),"Enter teams") -> No
B37: Home Underdog? | C37: =IF(C4<>"-",IF(C6>0,"⚡ YES — Home dogs cover ~54% historically","No"),"Enter teams") -> No
B38: Rest Advantage? | C38: =IF(AND(C9<>"",C10<>""),IF(C9-C10>=2,"✅ Home has rest edge ("&C9-C10&" extra days)",IF(C10-C9>=2,"⚠ Away has rest edge ("&C10-C9&" extra days)","— Even rest")),"Enter rest days") -> Enter rest days
B39: High-Pace Matchup? | C39: =IFERROR(IF((INDEX('Team Database'!W$4:W$43,MATCH(C4,'Team Database'!B$4:B$43,0))+INDEX('Team Database'!W$4:W$43,MATCH(C5,'Team Database'!B$4:B$43,0)))/2>70,"⚡ YES — Fast tempo, lean Over","— Slower game, neutral total signal"),"Enter teams") -> Enter teams
B40: Efficiency Mismatch? | C40: =IFERROR(IF(ABS(INDEX('Team Database'!V$4:V$43,MATCH(C4,'Team Database'!B$4:B$43,0))-INDEX('Team Database'!V$4:V$43,MATCH(C5,'Team Database'!B$4:B$43,0)))>12,"⚠ Large AdjEM gap — big favorite may be overpriced","— Competitive matchup on efficiency"),"Enter teams") -> Enter teams

Sheet Situational Tracker
A1: SITUATIONAL EDGES TRACKER — Log and track specific situational bet types
A2: Use this sheet to track spot bets: road favorites, home underdogs, bounce-back spots, revenge games, etc.
A3: Date | B3: Team | C3: Opponent | D3: Situation Type | E3: Spread | F3: Odds | G3: Result | H3: Notes
A106: SITUATIONAL SUMMARY — Auto-calculated W/L/Win% by spot type
A107: Situation Type | B107: W | C107: L | D107: Total | E107: Win%
A108: Road Favorite | B108: =COUNTIFS(D$4:D$103,A108,G$4:G$103,"Win") -> 0 | C108: =COUNTIFS(D$4:D$103,A108,G$4:G$103,"Loss") -> 0 | D108: =B108+C108 -> 0 | E108: =IFERROR(B108/D108,0) -> 0
A109: Home Underdog | B109: =COUNTIFS(D$4:D$103,A109,G$4:G$103,"Win") -> 0 | C109: =COUNTIFS(D$4:D$103,A109,G$4:G$103,"Loss") -> 0 | D109: =B109+C109 -> 0 | E109: =IFERROR(B109/D109,0) -> 0
A110: Revenge Game | B110: =COUNTIFS(D$4:D$103,A110,G$4:G$103,"Win") -> 0 | C110: =COUNTIFS(D$4:D$103,A110,G$4:G$103,"Loss") -> 0 | D110: =B110+C110 -> 0 | E110: =IFERROR(B110/D110,0) -> 0
A111: Look-Ahead Spot | B111: =COUNTIFS(D$4:D$103,A111,G$4:G$103,"Win") -> 0 | C111: =COUNTIFS(D$4:D$103,A111,G$4:G$103,"Loss") -> 0 | D111: =B111+C111 -> 0 | E111: =IFERROR(B111/D111,0) -> 0
A112: Bounce-Back (after loss) | B112: =COUNTIFS(D$4:D$103,A112,G$4:G$103,"Win") -> 0 | C112: =COUNTIFS(D$4:D$103,A112,G$4:G$103,"Loss") -> 0 | D112: =B112+C112 -> 0 | E112: =IFERROR(B112/D112,0) -> 0
A113: Conf vs Non-Conf | B113: =COUNTIFS(D$4:D$103,A113,G$4:G$103,"Win") -> 0 | C113: =COUNTIFS(D$4:D$103,A113,G$4:G$103,"Loss") -> 0 | D113: =B113+C113 -> 0 | E113: =IFERROR(B113/D113,0) -> 0
A114: Short Rest | B114: =COUNTIFS(D$4:D$103,A114,G$4:G$103,"Win") -> 0 | C114: =COUNTIFS(D$4:D$103,A114,G$4:G$103,"Loss") -> 0 | D114: =B114+C114 -> 0 | E114: =IFERROR(B114/D114,0) -> 0
A115: Extended Rest | B115: =COUNTIFS(D$4:D$103,A115,G$4:G$103,"Win") -> 0 | C115: =COUNTIFS(D$4:D$103,A115,G$4:G$103,"Loss") -> 0 | D115: =B115+C115 -> 0 | E115: =IFERROR(B115/D115,0) -> 0
A116: Weather Impact | B116: =COUNTIFS(D$4:D$103,A116,G$4:G$103,"Win") -> 0 | C116: =COUNTIFS(D$4:D$103,A116,G$4:G$103,"Loss") -> 0 | D116: =B116+C116 -> 0 | E116: =IFERROR(B116/D116,0) -> 0
A117: Large Favorite (10+) | B117: =COUNTIFS(D$4:D$103,A117,G$4:G$103,"Win") -> 0 | C117: =COUNTIFS(D$4:D$103,A117,G$4:G$103,"Loss") -> 0 | D117: =B117+C117 -> 0 | E117: =IFERROR(B117/D117,0) -> 0
A118: Large Dog (+10) | B118: =COUNTIFS(D$4:D$103,A118,G$4:G$103,"Win") -> 0 | C118: =COUNTIFS(D$4:D$103,A118,G$4:G$103,"Loss") -> 0 | D118: =B118+C118 -> 0 | E118: =IFERROR(B118/D118,0) -> 0
A119: Neutral Site | B119: =COUNTIFS(D$4:D$103,A119,G$4:G$103,"Win") -> 0 | C119: =COUNTIFS(D$4:D$103,A119,G$4:G$103,"Loss") -> 0 | D119: =B119+C119 -> 0 | E119: =IFERROR(B119/D119,0) -> 0
A120: Other | B120: =COUNTIFS(D$4:D$103,A120,G$4:G$103,"Win") -> 0 | C120: =COUNTIFS(D$4:D$103,A120,G$4:G$103,"Loss") -> 0 | D120: =B120+C120 -> 0 | E120: =IFERROR(B120/D120,0) -> 0

Sheet Data Sources & Tips
B1: DATA SOURCES & CBB BETTING TIPS
B3: UPDATING THE TEAM DATABASE
B4: KenPom (kenpom.com) | C4: Best source for Adj OE, Adj DE, Adj EM, and Tempo. Subscription ~$20/yr. Update columns T, U, W weekly. AdjEM = AdjOE - AdjDE (auto-calculated in column V).
B5: T-Rank (barttorvik.com) | C5: Free KenPom alternative. Has adjusted efficiency and tempo. Great backup source. Also has ATS records by team.
B6: TeamRankings (teamrankings.com) | C6: Best free source for ATS records (cols F-O) and Over/Under records (cols P-S). Update weekly. Navigate to NCAA Basketball → Trends.
B7: ESPN / CBS Sports | C7: Use for W-L records (cols D-E), PPG For (col X), PPG Against (col Y), and injury news before entering games into the Matchup Analyzer.
B8: HOW TO USE THE MATCHUP ANALYZER
B9: Step 1 | C9: Select Home Team and Away Team from the dropdowns in C4 and C5. All stats pull automatically from the Team Database.
B10: Step 2 | C10: Enter the spread in C6 (negative = home favored, e.g. -5.5), the game total in C7, and location in C8.
B11: Step 3 | C11: Enter days of rest for each team (C9, C10). 2+ day rest advantage is meaningful in CBB.
B12: Step 4 | C12: Review the Projections and Betting Angles sections. Flags auto-trigger based on the data.
B13: TOP CBB BETTING EDGES (2025-26)
B14: Home Underdogs | C14: Home underdogs cover at ~54% historically in CBB. Look for home dogs of +4 to +9 in conference games where the home crowd matters.
B15: Road Favorites | C15: Road teams laying 6+ points cover under 45% in CBB. Fading large road favorites is a persistent edge.
B16: Bounce-Back Spots | C16: Teams coming off a bad loss (10+ pts) at home cover at elevated rates. Look for teams getting up for a revenge spot.
B17: Pace Mismatches | C17: When a fast-tempo team (70+ poss) plays a slow team (<65 poss), the slower team's pace usually dominates. Model the total using the slower team's pace.
B18: Conf vs Non-Conf ATS | C18: Track how teams perform ATS in conference vs non-conference. Some teams are sharp in conference play but bad out of it.
B19: Back-to-Backs | C19: CBB teams on zero rest (playing game 2 of a back-to-back) cover 4-5% less frequently. Use the rest fields in the Matchup Analyzer.
B20: Late-Season Conference Games | C20: Feb/March conference games have tighter spreads and more variance. Home dogs in rivalry games are particularly strong covers.
B21: KenPom vs Vegas Line | C21: If KenPom's predicted margin and the Vegas spread disagree by 4+ points, that's a strong signal. Tracking this has long-term value.
B22: KEY ADVANCED STATS EXPLAINED
B23: Adj Offensive Efficiency (AdjOE) | C23: Points scored per 100 possessions, adjusted for opponent quality. NCAA avg ~105. Top teams 115+.
B24: Adj Defensive Efficiency (AdjDE) | C24: Points allowed per 100 possessions, adjusted for opponent. Lower is better. Elite defenses are sub-93.
B25: Adj Efficiency Margin (AdjEM) | C25: AdjOE minus AdjDE. Best measure of overall team quality. Top 10 teams typically 20+. Column V in Team Database.
B26: Tempo | C26: Adjusted possessions per 40 minutes. High tempo = more possessions = higher-scoring games. Use for total projections.
