Workbook

Sheet Dashboard
A1: BET THE FARM — PERFORMANCE DASHBOARD
B4: TOTAL BETS | D4: WINS | F4: LOSSES | H4: WIN RATE | J4: ROI | L4: NET P&L
B5: =COUNTA('Bet Log'!I4:I203)-COUNTIF('Bet Log'!I4:I203,"Pending")-COUNTIF('Bet Log'!I4:I203,"") -> -200 | D5: =COUNTIF('Bet Log'!I4:I203,"Win") -> 0 | F5: =COUNTIF('Bet Log'!I4:I203,"Loss") -> 0 | H5: =IFERROR(COUNTIF('Bet Log'!I4:I203,"Win")/(COUNTIF('Bet Log'!I4:I203,"Win")+COUNTIF('Bet Log'!I4:I203,"Loss")),0) -> 0 | J5: =IFERROR(SUMIF('Bet Log'!I4:I203,"<>Pending",'Bet Log'!J4:J203)/SUMIF('Bet Log'!I4:I203,"<>Pending",'Bet Log'!H4:H203),0) -> 0 | L5: =IFERROR(SUMIF('Bet Log'!I4:I203,"<>Pending",'Bet Log'!J4:J203),0) -> 0
B8: PERFORMANCE BY SPORT
B9: Sport | C9: Bets | D9: Wins | E9: Losses | F9: Win% | G9: Wagered ($) | H9: Net P&L ($)
B10: College Basketball | C10: =COUNTIFS('Bet Log'!B4:B203,"College Basketball",'Bet Log'!I4:I203,"<>",'Bet Log'!I4:I203,"<>Pending") -> 0 | D10: =COUNTIFS('Bet Log'!B4:B203,"College Basketball",'Bet Log'!I4:I203,"Win") -> 0 | E10: =COUNTIFS('Bet Log'!B4:B203,"College Basketball",'Bet Log'!I4:I203,"Loss") -> 0 | F10: =IFERROR(COUNTIFS('Bet Log'!B4:B203,"College Basketball",'Bet Log'!I4:I203,"Win")/(COUNTIFS('Bet Log'!B4:B203,"College Basketball",'Bet Log'!I4:I203,"Win")+COUNTIFS('Bet Log'!B4:B203,"College Basketball",'Bet Log'!I4:I203,"Loss")),"-") -> - | G10: =SUMIFS('Bet Log'!H4:H203,'Bet Log'!B4:B203,"College Basketball",'Bet Log'!I4:I203,"<>Pending") -> 0 | H10: =SUMIFS('Bet Log'!J4:J203,'Bet Log'!B4:B203,"College Basketball",'Bet Log'!I4:I203,"<>Pending") -> 0
B11: College Football | C11: =COUNTIFS('Bet Log'!B4:B203,"College Football",'Bet Log'!I4:I203,"<>",'Bet Log'!I4:I203,"<>Pending") -> 0 | D11: =COUNTIFS('Bet Log'!B4:B203,"College Football",'Bet Log'!I4:I203,"Win") -> 0 | E11: =COUNTIFS('Bet Log'!B4:B203,"College Football",'Bet Log'!I4:I203,"Loss") -> 0 | F11: =IFERROR(COUNTIFS('Bet Log'!B4:B203,"College Football",'Bet Log'!I4:I203,"Win")/(COUNTIFS('Bet Log'!B4:B203,"College Football",'Bet Log'!I4:I203,"Win")+COUNTIFS('Bet Log'!B4:B203,"College Football",'Bet Log'!I4:I203,"Loss")),"-") -> - | G11: =SUMIFS('Bet Log'!H4:H203,'Bet Log'!B4:B203,"College Football",'Bet Log'!I4:I203,"<>Pending") -> 0 | H11: =SUMIFS('Bet Log'!J4:J203,'Bet Log'!B4:B203,"College Football",'Bet Log'!I4:I203,"<>Pending") -> 0
B12: NFL | C12: =COUNTIFS('Bet Log'!B4:B203,"NFL",'Bet Log'!I4:I203,"<>",'Bet Log'!I4:I203,"<>Pending") -> 0 | D12: =COUNTIFS('Bet Log'!B4:B203,"NFL",'Bet Log'!I4:I203,"Win") -> 0 | E12: =COUNTIFS('Bet Log'!B4:B203,"NFL",'Bet Log'!I4:I203,"Loss") -> 0 | F12: =IFERROR(COUNTIFS('Bet Log'!B4:B203,"NFL",'Bet Log'!I4:I203,"Win")/(COUNTIFS('Bet Log'!B4:B203,"NFL",'Bet Log'!I4:I203,"Win")+COUNTIFS('Bet Log'!B4:B203,"NFL",'Bet Log'!I4:I203,"Loss")),"-") -> - | G12: =SUMIFS('Bet Log'!H4:H203,'Bet Log'!B4:B203,"NFL",'Bet Log'!I4:I203,"<>Pending") -> 0 | H12: =SUMIFS('Bet Log'!J4:J203,'Bet Log'!B4:B203,"NFL",'Bet Log'!I4:I203,"<>Pending") -> 0
B13: NBA | C13: =COUNTIFS('Bet Log'!B4:B203,"NBA",'Bet Log'!I4:I203,"<>",'Bet Log'!I4:I203,"<>Pending") -> 0 | D13: =COUNTIFS('Bet Log'!B4:B203,"NBA",'Bet Log'!I4:I203,"Win") -> 0 | E13: =COUNTIFS('Bet Log'!B4:B203,"NBA",'Bet Log'!I4:I203,"Loss") -> 0 | F13: =IFERROR(COUNTIFS('Bet Log'!B4:B203,"NBA",'Bet Log'!I4:I203,"Win")/(COUNTIFS('Bet Log'!B4:B203,"NBA",'Bet Log'!I4:I203,"Win")+COUNTIFS('Bet Log'!B4:B203,"NBA",'Bet Log'!I4:I203,"Loss")),"-") -> - | G13: =SUMIFS('Bet Log'!H4:H203,'Bet Log'!B4:B203,"NBA",'Bet Log'!I4:I203,"<>Pending") -> 0 | H13: =SUMIFS('Bet Log'!J4:J203,'Bet Log'!B4:B203,"NBA",'Bet Log'!I4:I203,"<>Pending") -> 0
B14: MLB | C14: =COUNTIFS('Bet Log'!B4:B203,"MLB",'Bet Log'!I4:I203,"<>",'Bet Log'!I4:I203,"<>Pending") -> 0 | D14: =COUNTIFS('Bet Log'!B4:B203,"MLB",'Bet Log'!I4:I203,"Win") -> 0 | E14: =COUNTIFS('Bet Log'!B4:B203,"MLB",'Bet Log'!I4:I203,"Loss") -> 0 | F14: =IFERROR(COUNTIFS('Bet Log'!B4:B203,"MLB",'Bet Log'!I4:I203,"Win")/(COUNTIFS('Bet Log'!B4:B203,"MLB",'Bet Log'!I4:I203,"Win")+COUNTIFS('Bet Log'!B4:B203,"MLB",'Bet Log'!I4:I203,"Loss")),"-") -> - | G14: =SUMIFS('Bet Log'!H4:H203,'Bet Log'!B4:B203,"MLB",'Bet Log'!I4:I203,"<>Pending") -> 0 | H14: =SUMIFS('Bet Log'!J4:J203,'Bet Log'!B4:B203,"MLB",'Bet Log'!I4:I203,"<>Pending") -> 0
B15: NHL | C15: =COUNTIFS('Bet Log'!B4:B203,"NHL",'Bet Log'!I4:I203,"<>",'Bet Log'!I4:I203,"<>Pending") -> 0 | D15: =COUNTIFS('Bet Log'!B4:B203,"NHL",'Bet Log'!I4:I203,"Win") -> 0 | E15: =COUNTIFS('Bet Log'!B4:B203,"NHL",'Bet Log'!I4:I203,"Loss") -> 0 | F15: =IFERROR(COUNTIFS('Bet Log'!B4:B203,"NHL",'Bet Log'!I4:I203,"Win")/(COUNTIFS('Bet Log'!B4:B203,"NHL",'Bet Log'!I4:I203,"Win")+COUNTIFS('Bet Log'!B4:B203,"NHL",'Bet Log'!I4:I203,"Loss")),"-") -> - | G15: =SUMIFS('Bet Log'!H4:H203,'Bet Log'!B4:B203,"NHL",'Bet Log'!I4:I203,"<>Pending") -> 0 | H15: =SUMIFS('Bet Log'!J4:J203,'Bet Log'!B4:B203,"NHL",'Bet Log'!I4:I203,"<>Pending") -> 0
B17: PERFORMANCE BY BET TYPE
B18: Bet Type | C18: Bets | D18: Wins | E18: Losses | F18: Win% | G18: Wagered ($) | H18: Net P&L ($)
B19: Spread | C19: =COUNTIFS('Bet Log'!D4:D203,"Spread",'Bet Log'!I4:I203,"<>",'Bet Log'!I4:I203,"<>Pending") -> 0 | D19: =COUNTIFS('Bet Log'!D4:D203,"Spread",'Bet Log'!I4:I203,"Win") -> 0 | E19: =COUNTIFS('Bet Log'!D4:D203,"Spread",'Bet Log'!I4:I203,"Loss") -> 0 | F19: =IFERROR(COUNTIFS('Bet Log'!D4:D203,"Spread",'Bet Log'!I4:I203,"Win")/(COUNTIFS('Bet Log'!D4:D203,"Spread",'Bet Log'!I4:I203,"Win")+COUNTIFS('Bet Log'!D4:D203,"Spread",'Bet Log'!I4:I203,"Loss")),"-") -> - | G19: =SUMIFS('Bet Log'!H4:H203,'Bet Log'!D4:D203,"Spread",'Bet Log'!I4:I203,"<>Pending") -> 0 | H19: =SUMIFS('Bet Log'!J4:J203,'Bet Log'!D4:D203,"Spread",'Bet Log'!I4:I203,"<>Pending") -> 0
B20: Moneyline | C20: =COUNTIFS('Bet Log'!D4:D203,"Moneyline",'Bet Log'!I4:I203,"<>",'Bet Log'!I4:I203,"<>Pending") -> 0 | D20: =COUNTIFS('Bet Log'!D4:D203,"Moneyline",'Bet Log'!I4:I203,"Win") -> 0 | E20: =COUNTIFS('Bet Log'!D4:D203,"Moneyline",'Bet Log'!I4:I203,"Loss") -> 0 | F20: =IFERROR(COUNTIFS('Bet Log'!D4:D203,"Moneyline",'Bet Log'!I4:I203,"Win")/(COUNTIFS('Bet Log'!D4:D203,"Moneyline",'Bet Log'!I4:I203,"Win")+COUNTIFS('Bet Log'!D4:D203,"Moneyline",'Bet Log'!I4:I203,"Loss")),"-") -> - | G20: =SUMIFS('Bet Log'!H4:H203,'Bet Log'!D4:D203,"Moneyline",'Bet Log'!I4:I203,"<>Pending") -> 0 | H20: =SUMIFS('Bet Log'!J4:J203,'Bet Log'!D4:D203,"Moneyline",'Bet Log'!I4:I203,"<>Pending") -> 0
B21: Total (Over) | C21: =COUNTIFS('Bet Log'!D4:D203,"Total (Over)",'Bet Log'!I4:I203,"<>",'Bet Log'!I4:I203,"<>Pending") -> 0 | D21: =COUNTIFS('Bet Log'!D4:D203,"Total (Over)",'Bet Log'!I4:I203,"Win") -> 0 | E21: =COUNTIFS('Bet Log'!D4:D203,"Total (Over)",'Bet Log'!I4:I203,"Loss") -> 0 | F21: =IFERROR(COUNTIFS('Bet Log'!D4:D203,"Total (Over)",'Bet Log'!I4:I203,"Win")/(COUNTIFS('Bet Log'!D4:D203,"Total (Over)",'Bet Log'!I4:I203,"Win")+COUNTIFS('Bet Log'!D4:D203,"Total (Over)",'Bet Log'!I4:I203,"Loss")),"-") -> - | G21: =SUMIFS('Bet Log'!H4:H203,'Bet Log'!D4:D203,"Total (Over)",'Bet Log'!I4:I203,"<>Pending") -> 0 | H21: =SUMIFS('Bet Log'!J4:J203,'Bet Log'!D4:D203,"Total (Over)",'Bet Log'!I4:I203,"<>Pending") -> 0
B22: Total (Under) | C22: =COUNTIFS('Bet Log'!D4:D203,"Total (Under)",'Bet Log'!I4:I203,"<>",'Bet Log'!I4:I203,"<>Pending") -> 0 | D22: =COUNTIFS('Bet Log'!D4:D203,"Total (Under)",'Bet Log'!I4:I203,"Win") -> 0 | E22: =COUNTIFS('Bet Log'!D4:D203,"Total (Under)",'Bet Log'!I4:I203,"Loss") -> 0 | F22: =IFERROR(COUNTIFS('Bet Log'!D4:D203,"Total (Under)",'Bet Log'!I4:I203,"Win")/(COUNTIFS('Bet Log'!D4:D203,"Total (Under)",'Bet Log'!I4:I203,"Win")+COUNTIFS('Bet Log'!D4:D203,"Total (Under)",'Bet Log'!I4:I203,"Loss")),"-") -> - | G22: =SUMIFS('Bet Log'!H4:H203,'Bet Log'!D4:D203,"Total (Under)",'Bet Log'!I4:I203,"<>Pending") -> 0 | H22: =SUMIFS('Bet Log'!J4:J203,'Bet Log'!D4:D203,"Total (Under)",'Bet Log'!I4:I203,"<>Pending") -> 0
B23: Parlay | C23: =COUNTIFS('Bet Log'!D4:D203,"Parlay",'Bet Log'!I4:I203,"<>",'Bet Log'!I4:I203,"<>Pending") -> 0 | D23: =COUNTIFS('Bet Log'!D4:D203,"Parlay",'Bet Log'!I4:I203,"Win") -> 0 | E23: =COUNTIFS('Bet Log'!D4:D203,"Parlay",'Bet Log'!I4:I203,"Loss") -> 0 | F23: =IFERROR(COUNTIFS('Bet Log'!D4:D203,"Parlay",'Bet Log'!I4:I203,"Win")/(COUNTIFS('Bet Log'!D4:D203,"Parlay",'Bet Log'!I4:I203,"Win")+COUNTIFS('Bet Log'!D4:D203,"Parlay",'Bet Log'!I4:I203,"Loss")),"-") -> - | G23: =SUMIFS('Bet Log'!H4:H203,'Bet Log'!D4:D203,"Parlay",'Bet Log'!I4:I203,"<>Pending") -> 0 | H23: =SUMIFS('Bet Log'!J4:J203,'Bet Log'!D4:D203,"Parlay",'Bet Log'!I4:I203,"<>Pending") -> 0
B24: Prop | C24: =COUNTIFS('Bet Log'!D4:D203,"Prop",'Bet Log'!I4:I203,"<>",'Bet Log'!I4:I203,"<>Pending") -> 0 | D24: =COUNTIFS('Bet Log'!D4:D203,"Prop",'Bet Log'!I4:I203,"Win") -> 0 | E24: =COUNTIFS('Bet Log'!D4:D203,"Prop",'Bet Log'!I4:I203,"Loss") -> 0 | F24: =IFERROR(COUNTIFS('Bet Log'!D4:D203,"Prop",'Bet Log'!I4:I203,"Win")/(COUNTIFS('Bet Log'!D4:D203,"Prop",'Bet Log'!I4:I203,"Win")+COUNTIFS('Bet Log'!D4:D203,"Prop",'Bet Log'!I4:I203,"Loss")),"-") -> - | G24: =SUMIFS('Bet Log'!H4:H203,'Bet Log'!D4:D203,"Prop",'Bet Log'!I4:I203,"<>Pending") -> 0 | H24: =SUMIFS('Bet Log'!J4:J203,'Bet Log'!D4:D203,"Prop",'Bet Log'!I4:I203,"<>Pending") -> 0
B25: Futures | C25: =COUNTIFS('Bet Log'!D4:D203,"Futures",'Bet Log'!I4:I203,"<>",'Bet Log'!I4:I203,"<>Pending") -> 0 | D25: =COUNTIFS('Bet Log'!D4:D203,"Futures",'Bet Log'!I4:I203,"Win") -> 0 | E25: =COUNTIFS('Bet Log'!D4:D203,"Futures",'Bet Log'!I4:I203,"Loss") -> 0 | F25: =IFERROR(COUNTIFS('Bet Log'!D4:D203,"Futures",'Bet Log'!I4:I203,"Win")/(COUNTIFS('Bet Log'!D4:D203,"Futures",'Bet Log'!I4:I203,"Win")+COUNTIFS('Bet Log'!D4:D203,"Futures",'Bet Log'!I4:I203,"Loss")),"-") -> - | G25: =SUMIFS('Bet Log'!H4:H203,'Bet Log'!D4:D203,"Futures",'Bet Log'!I4:I203,"<>Pending") -> 0 | H25: =SUMIFS('Bet Log'!J4:J203,'Bet Log'!D4:D203,"Futures",'Bet Log'!I4:I203,"<>Pending") -> 0

Sheet Bet Log
A1: BET THE FARM — MASTER BET TRACKER
A2: Starting Bankroll → | K2: 1000 | L2: ← Set your starting bankroll here (blue = editable)
A3: Date | B3: Sport | C3: Matchup | D3: Bet Type | E3: Pick / Side | F3: Line | G3: Odds | H3: Stake ($) | I3: Result | J3: Net P&L ($) | K3: Balance ($) | L3: Sportsbook | M3: Notes
J4: =IF(OR(H4="",I4="",I4="Pending"),"",IF(I4="Win",IF(G4>=100,H4*(G4/100),H4*(100/ABS(G4))),IF(I4="Loss",-H4,IF(I4="Push",0,"")))) | K4: =IF(H4="","",K2+IF(J4="",0,J4))
J5: =IF(OR(H5="",I5="",I5="Pending"),"",IF(I5="Win",IF(G5>=100,H5*(G5/100),H5*(100/ABS(G5))),IF(I5="Loss",-H5,IF(I5="Push",0,"")))) | K5: =IF(H5="","",IF(K4="",K2,K4)+IF(J5="",0,J5))
J6: =IF(OR(H6="",I6="",I6="Pending"),"",IF(I6="Win",IF(G6>=100,H6*(G6/100),H6*(100/ABS(G6))),IF(I6="Loss",-H6,IF(I6="Push",0,"")))) | K6: =IF(H6="","",IF(K5="",K2,K5)+IF(J6="",0,J6))
J7: =IF(OR(H7="",I7="",I7="Pending"),"",IF(I7="Win",IF(G7>=100,H7*(G7/100),H7*(100/ABS(G7))),IF(I7="Loss",-H7,IF(I7="Push",0,"")))) | K7: =IF(H7="","",IF(K6="",K2,K6)+IF(J7="",0,J7))
J8: =IF(OR(H8="",I8="",I8="Pending"),"",IF(I8="Win",IF(G8>=100,H8*(G8/100),H8*(100/ABS(G8))),IF(I8="Loss",-H8,IF(I8="Push",0,"")))) | K8: =IF(H8="","",IF(K7="",K2,K7)+IF(J8="",0,J8))
J9: =IF(OR(H9="",I9="",I9="Pending"),"",IF(I9="Win",IF(G9>=100,H9*(G9/100),H9*(100/ABS(G9))),IF(I9="Loss",-H9,IF(I9="Push",0,"")))) | K9: =IF(H9="","",IF(K8="",K2,K8)+IF(J9="",0,J9))
J10: =IF(OR(H10="",I10="",I10="Pending"),"",IF(I10="Win",IF(G10>=100,H10*(G10/100),H10*(100/ABS(G10))),IF(I10="Loss",-H10,IF(I10="Push",0,"")))) | K10: =IF(H10="","",IF(K9="",K2,K9)+IF(J10="",0,J10))
J11: =IF(OR(H11="",I11="",I11="Pending"),"",IF(I11="Win",IF(G11>=100,H11*(G11/100),H11*(100/ABS(G11))),IF(I11="Loss",-H11,IF(I11="Push",0,"")))) | K11: =IF(H11="","",IF(K10="",K2,K10)+IF(J11="",0,J11))
J12: =IF(OR(H12="",I12="",I12="Pending"),"",IF(I12="Win",IF(G12>=100,H12*(G12/100),H12*(100/ABS(G12))),IF(I12="Loss",-H12,IF(I12="Push",0,"")))) | K12: =IF(H12="","",IF(K11="",K2,K11)+IF(J12="",0,J12))
J13: =IF(OR(H13="",I13="",I13="Pending"),"",IF(I13="Win",IF(G13>=100,H13*(G13/100),H13*(100/ABS(G13))),IF(I13="Loss",-H13,IF(I13="Push",0,"")))) | K13: =IF(H13="","",IF(K12="",K2,K12)+IF(J13="",0,J13))
J14: =IF(OR(H14="",I14="",I14="Pending"),"",IF(I14="Win",IF(G14>=100,H14*(G14/100),H14*(100/ABS(G14))),IF(I14="Loss",-H14,IF(I14="Push",0,"")))) | K14: =IF(H14="","",IF(K13="",K2,K13)+IF(J14="",0,J14))
J15: =IF(OR(H15="",I15="",I15="Pending"),"",IF(I15="Win",IF(G15>=100,H15*(G15/100),H15*(100/ABS(G15))),IF(I15="Loss",-H15,IF(I15="Push",0,"")))) | K15: =IF(H15="","",IF(K14="",K2,K14)+IF(J15="",0,J15))
J16: =IF(OR(H16="",I16="",I16="Pending"),"",IF(I16="Win",IF(G16>=100,H16*(G16/100),H16*(100/ABS(G16))),IF(I16="Loss",-H16,IF(I16="Push",0,"")))) | K16: =IF(H16="","",IF(K15="",K2,K15)+IF(J16="",0,J16))
J17: =IF(OR(H17="",I17="",I17="Pending"),"",IF(I17="Win",IF(G17>=100,H17*(G17/100),H17*(100/ABS(G17))),IF(I17="Loss",-H17,IF(I17="Push",0,"")))) | K17: =IF(H17="","",IF(K16="",K2,K16)+IF(J17="",0,J17))
J18: =IF(OR(H18="",I18="",I18="Pending"),"",IF(I18="Win",IF(G18>=100,H18*(G18/100),H18*(100/ABS(G18))),IF(I18="Loss",-H18,IF(I18="Push",0,"")))) | K18: =IF(H18="","",IF(K17="",K2,K17)+IF(J18="",0,J18))
J19: =IF(OR(H19="",I19="",I19="Pending"),"",IF(I19="Win",IF(G19>=100,H19*(G19/100),H19*(100/ABS(G19))),IF(I19="Loss",-H19,IF(I19="Push",0,"")))) | K19: =IF(H19="","",IF(K18="",K2,K18)+IF(J19="",0,J19))
J20: =IF(OR(H20="",I20="",I20="Pending"),"",IF(I20="Win",IF(G20>=100,H20*(G20/100),H20*(100/ABS(G20))),IF(I20="Loss",-H20,IF(I20="Push",0,"")))) | K20: =IF(H20="","",IF(K19="",K2,K19)+IF(J20="",0,J20))
J21: =IF(OR(H21="",I21="",I21="Pending"),"",IF(I21="Win",IF(G21>=100,H21*(G21/100),H21*(100/ABS(G21))),IF(I21="Loss",-H21,IF(I21="Push",0,"")))) | K21: =IF(H21="","",IF(K20="",K2,K20)+IF(J21="",0,J21))
J22: =IF(OR(H22="",I22="",I22="Pending"),"",IF(I22="Win",IF(G22>=100,H22*(G22/100),H22*(100/ABS(G22))),IF(I22="Loss",-H22,IF(I22="Push",0,"")))) | K22: =IF(H22="","",IF(K21="",K2,K21)+IF(J22="",0,J22))
J23: =IF(OR(H23="",I23="",I23="Pending"),"",IF(I23="Win",IF(G23>=100,H23*(G23/100),H23*(100/ABS(G23))),IF(I23="Loss",-H23,IF(I23="Push",0,"")))) | K23: =IF(H23="","",IF(K22="",K2,K22)+IF(J23="",0,J23))
J24: =IF(OR(H24="",I24="",I24="Pending"),"",IF(I24="Win",IF(G24>=100,H24*(G24/100),H24*(100/ABS(G24))),IF(I24="Loss",-H24,IF(I24="Push",0,"")))) | K24: =IF(H24="","",IF(K23="",K2,K23)+IF(J24="",0,J24))
J25: =IF(OR(H25="",I25="",I25="Pending"),"",IF(I25="Win",IF(G25>=100,H25*(G25/100),H25*(100/ABS(G25))),IF(I25="Loss",-H25,IF(I25="Push",0,"")))) | K25: =IF(H25="","",IF(K24="",K2,K24)+IF(J25="",0,J25))
J26: =IF(OR(H26="",I26="",I26="Pending"),"",IF(I26="Win",IF(G26>=100,H26*(G26/100),H26*(100/ABS(G26))),IF(I26="Loss",-H26,IF(I26="Push",0,"")))) | K26: =IF(H26="","",IF(K25="",K2,K25)+IF(J26="",0,J26))
J27: =IF(OR(H27="",I27="",I27="Pending"),"",IF(I27="Win",IF(G27>=100,H27*(G27/100),H27*(100/ABS(G27))),IF(I27="Loss",-H27,IF(I27="Push",0,"")))) | K27: =IF(H27="","",IF(K26="",K2,K26)+IF(J27="",0,J27))
J28: =IF(OR(H28="",I28="",I28="Pending"),"",IF(I28="Win",IF(G28>=100,H28*(G28/100),H28*(100/ABS(G28))),IF(I28="Loss",-H28,IF(I28="Push",0,"")))) | K28: =IF(H28="","",IF(K27="",K2,K27)+IF(J28="",0,J28))
J29: =IF(OR(H29="",I29="",I29="Pending"),"",IF(I29="Win",IF(G29>=100,H29*(G29/100),H29*(100/ABS(G29))),IF(I29="Loss",-H29,IF(I29="Push",0,"")))) | K29: =IF(H29="","",IF(K28="",K2,K28)+IF(J29="",0,J29))
J30: =IF(OR(H30="",I30="",I30="Pending"),"",IF(I30="Win",IF(G30>=100,H30*(G30/100),H30*(100/ABS(G30))),IF(I30="Loss",-H30,IF(I30="Push",0,"")))) | K30: =IF(H30="","",IF(K29="",K2,K29)+IF(J30="",0,J30))
J31: =IF(OR(H31="",I31="",I31="Pending"),"",IF(I31="Win",IF(G31>=100,H31*(G31/100),H31*(100/ABS(G31))),IF(I31="Loss",-H31,IF(I31="Push",0,"")))) | K31: =IF(H31="","",IF(K30="",K2,K30)+IF(J31="",0,J31))
J32: =IF(OR(H32="",I32="",I32="Pending"),"",IF(I32="Win",IF(G32>=100,H32*(G32/100),H32*(100/ABS(G32))),IF(I32="Loss",-H32,IF(I32="Push",0,"")))) | K32: =IF(H32="","",IF(K31="",K2,K31)+IF(J32="",0,J32))
J33: =IF(OR(H33="",I33="",I33="Pending"),"",IF(I33="Win",IF(G33>=100,H33*(G33/100),H33*(100/ABS(G33))),IF(I33="Loss",-H33,IF(I33="Push",0,"")))) | K33: =IF(H33="","",IF(K32="",K2,K32)+IF(J33="",0,J33))
J34: =IF(OR(H34="",I34="",I34="Pending"),"",IF(I34="Win",IF(G34>=100,H34*(G34/100),H34*(100/ABS(G34))),IF(I34="Loss",-H34,IF(I34="Push",0,"")))) | K34: =IF(H34="","",IF(K33="",K2,K33)+IF(J34="",0,J34))
J35: =IF(OR(H35="",I35="",I35="Pending"),"",IF(I35="Win",IF(G35>=100,H35*(G35/100),H35*(100/ABS(G35))),IF(I35="Loss",-H35,IF(I35="Push",0,"")))) | K35: =IF(H35="","",IF(K34="",K2,K34)+IF(J35="",0,J35))
J36: =IF(OR(H36="",I36="",I36="Pending"),"",IF(I36="Win",IF(G36>=100,H36*(G36/100),H36*(100/ABS(G36))),IF(I36="Loss",-H36,IF(I36="Push",0,"")))) | K36: =IF(H36="","",IF(K35="",K2,K35)+IF(J36="",0,J36))
J37: =IF(OR(H37="",I37="",I37="Pending"),"",IF(I37="Win",IF(G37>=100,H37*(G37/100),H37*(100/ABS(G37))),IF(I37="Loss",-H37,IF(I37="Push",0,"")))) | K37: =IF(H37="","",IF(K36="",K2,K36)+IF(J37="",0,J37))
J38: =IF(OR(H38="",I38="",I38="Pending"),"",IF(I38="Win",IF(G38>=100,H38*(G38/100),H38*(100/ABS(G38))),IF(I38="Loss",-H38,IF(I38="Push",0,"")))) | K38: =IF(H38="","",IF(K37="",K2,K37)+IF(J38="",0,J38))
J39: =IF(OR(H39="",I39="",I39="Pending"),"",IF(I39="Win",IF(G39>=100,H39*(G39/100),H39*(100/ABS(G39))),IF(I39="Loss",-H39,IF(I39="Push",0,"")))) | K39: =IF(H39="","",IF(K38="",K2,K38)+IF(J39="",0,J39))
J40: =IF(OR(H40="",I40="",I40="Pending"),"",IF(I40="Win",IF(G40>=100,H40*(G40/100),H40*(100/ABS(G40))),IF(I40="Loss",-H40,IF(I40="Push",0,"")))) | K40: =IF(H40="","",IF(K39="",K2,K39)+IF(J40="",0,J40))
J41: =IF(OR(H41="",I41="",I41="Pending"),"",IF(I41="Win",IF(G41>=100,H41*(G41/100),H41*(100/ABS(G41))),IF(I41="Loss",-H41,IF(I41="Push",0,"")))) | K41: =IF(H41="","",IF(K40="",K2,K40)+IF(J41="",0,J41))
J42: =IF(OR(H42="",I42="",I42="Pending"),"",IF(I42="Win",IF(G42>=100,H42*(G42/100),H42*(100/ABS(G42))),IF(I42="Loss",-H42,IF(I42="Push",0,"")))) | K42: =IF(H42="","",IF(K41="",K2,K41)+IF(J42="",0,J42))
J43: =IF(OR(H43="",I43="",I43="Pending"),"",IF(I43="Win",IF(G43>=100,H43*(G43/100),H43*(100/ABS(G43))),IF(I43="Loss",-H43,IF(I43="Push",0,"")))) | K43: =IF(H43="","",IF(K42="",K2,K42)+IF(J43="",0,J43))
J44: =IF(OR(H44="",I44="",I44="Pending"),"",IF(I44="Win",IF(G44>=100,H44*(G44/100),H44*(100/ABS(G44))),IF(I44="Loss",-H44,IF(I44="Push",0,"")))) | K44: =IF(H44="","",IF(K43="",K2,K43)+IF(J44="",0,J44))
J45: =IF(OR(H45="",I45="",I45="Pending"),"",IF(I45="Win",IF(G45>=100,H45*(G45/100),H45*(100/ABS(G45))),IF(I45="Loss",-H45,IF(I45="Push",0,"")))) | K45: =IF(H45="","",IF(K44="",K2,K44)+IF(J45="",0,J45))
J46: =IF(OR(H46="",I46="",I46="Pending"),"",IF(I46="Win",IF(G46>=100,H46*(G46/100),H46*(100/ABS(G46))),IF(I46="Loss",-H46,IF(I46="Push",0,"")))) | K46: =IF(H46="","",IF(K45="",K2,K45)+IF(J46="",0,J46))
J47: =IF(OR(H47="",I47="",I47="Pending"),"",IF(I47="Win",IF(G47>=100,H47*(G47/100),H47*(100/ABS(G47))),IF(I47="Loss",-H47,IF(I47="Push",0,"")))) | K47: =IF(H47="","",IF(K46="",K2,K46)+IF(J47="",0,J47))
J48: =IF(OR(H48="",I48="",I48="Pending"),"",IF(I48="Win",IF(G48>=100,H48*(G48/100),H48*(100/ABS(G48))),IF(I48="Loss",-H48,IF(I48="Push",0,"")))) | K48: =IF(H48="","",IF(K47="",K2,K47)+IF(J48="",0,J48))
J49: =IF(OR(H49="",I49="",I49="Pending"),"",IF(I49="Win",IF(G49>=100,H49*(G49/100),H49*(100/ABS(G49))),IF(I49="Loss",-H49,IF(I49="Push",0,"")))) | K49: =IF(H49="","",IF(K48="",K2,K48)+IF(J49="",0,J49))
J50: =IF(OR(H50="",I50="",I50="Pending"),"",IF(I50="Win",IF(G50>=100,H50*(G50/100),H50*(100/ABS(G50))),IF(I50="Loss",-H50,IF(I50="Push",0,"")))) | K50: =IF(H50="","",IF(K49="",K2,K49)+IF(J50="",0,J50))
J51: =IF(OR(H51="",I51="",I51="Pending"),"",IF(I51="Win",IF(G51>=100,H51*(G51/100),H51*(100/ABS(G51))),IF(I51="Loss",-H51,IF(I51="Push",0,"")))) | K51: =IF(H51="","",IF(K50="",K2,K50)+IF(J51="",0,J51))
J52: =IF(OR(H52="",I52="",I52="Pending"),"",IF(I52="Win",IF(G52>=100,H52*(G52/100),H52*(100/ABS(G52))),IF(I52="Loss",-H52,IF(I52="Push",0,"")))) | K52: =IF(H52="","",IF(K51="",K2,K51)+IF(J52="",0,J52))
J53: =IF(OR(H53="",I53="",I53="Pending"),"",IF(I53="Win",IF(G53>=100,H53*(G53/100),H53*(100/ABS(G53))),IF(I53="Loss",-H53,IF(I53="Push",0,"")))) | K53: =IF(H53="","",IF(K52="",K2,K52)+IF(J53="",0,J53))
J54: =IF(OR(H54="",I54="",I54="Pending"),"",IF(I54="Win",IF(G54>=100,H54*(G54/100),H54*(100/ABS(G54))),IF(I54="Loss",-H54,IF(I54="Push",0,"")))) | K54: =IF(H54="","",IF(K53="",K2,K53)+IF(J54="",0,J54))
J55: =IF(OR(H55="",I55="",I55="Pending"),"",IF(I55="Win",IF(G55>=100,H55*(G55/100),H55*(100/ABS(G55))),IF(I55="Loss",-H55,IF(I55="Push",0,"")))) | K55: =IF(H55="","",IF(K54="",K2,K54)+IF(J55="",0,J55))
J56: =IF(OR(H56="",I56="",I56="Pending"),"",IF(I56="Win",IF(G56>=100,H56*(G56/100),H56*(100/ABS(G56))),IF(I56="Loss",-H56,IF(I56="Push",0,"")))) | K56: =IF(H56="","",IF(K55="",K2,K55)+IF(J56="",0,J56))
J57: =IF(OR(H57="",I57="",I57="Pending"),"",IF(I57="Win",IF(G57>=100,H57*(G57/100),H57*(100/ABS(G57))),IF(I57="Loss",-H57,IF(I57="Push",0,"")))) | K57: =IF(H57="","",IF(K56="",K2,K56)+IF(J57="",0,J57))
J58: =IF(OR(H58="",I58="",I58="Pending"),"",IF(I58="Win",IF(G58>=100,H58*(G58/100),H58*(100/ABS(G58))),IF(I58="Loss",-H58,IF(I58="Push",0,"")))) | K58: =IF(H58="","",IF(K57="",K2,K57)+IF(J58="",0,J58))
J59: =IF(OR(H59="",I59="",I59="Pending"),"",IF(I59="Win",IF(G59>=100,H59*(G59/100),H59*(100/ABS(G59))),IF(I59="Loss",-H59,IF(I59="Push",0,"")))) | K59: =IF(H59="","",IF(K58="",K2,K58)+IF(J59="",0,J59))
J60: =IF(OR(H60="",I60="",I60="Pending"),"",IF(I60="Win",IF(G60>=100,H60*(G60/100),H60*(100/ABS(G60))),IF(I60="Loss",-H60,IF(I60="Push",0,"")))) | K60: =IF(H60="","",IF(K59="",K2,K59)+IF(J60="",0,J60))
J61: =IF(OR(H61="",I61="",I61="Pending"),"",IF(I61="Win",IF(G61>=100,H61*(G61/100),H61*(100/ABS(G61))),IF(I61="Loss",-H61,IF(I61="Push",0,"")))) | K61: =IF(H61="","",IF(K60="",K2,K60)+IF(J61="",0,J61))
J62: =IF(OR(H62="",I62="",I62="Pending"),"",IF(I62="Win",IF(G62>=100,H62*(G62/100),H62*(100/ABS(G62))),IF(I62="Loss",-H62,IF(I62="Push",0,"")))) | K62: =IF(H62="","",IF(K61="",K2,K61)+IF(J62="",0,J62))
J63: =IF(OR(H63="",I63="",I63="Pending"),"",IF(I63="Win",IF(G63>=100,H63*(G63/100),H63*(100/ABS(G63))),IF(I63="Loss",-H63,IF(I63="Push",0,"")))) | K63: =IF(H63="","",IF(K62="",K2,K62)+IF(J63="",0,J63))
J64: =IF(OR(H64="",I64="",I64="Pending"),"",IF(I64="Win",IF(G64>=100,H64*(G64/100),H64*(100/ABS(G64))),IF(I64="Loss",-H64,IF(I64="Push",0,"")))) | K64: =IF(H64="","",IF(K63="",K2,K63)+IF(J64="",0,J64))
J65: =IF(OR(H65="",I65="",I65="Pending"),"",IF(I65="Win",IF(G65>=100,H65*(G65/100),H65*(100/ABS(G65))),IF(I65="Loss",-H65,IF(I65="Push",0,"")))) | K65: =IF(H65="","",IF(K64="",K2,K64)+IF(J65="",0,J65))
J66: =IF(OR(H66="",I66="",I66="Pending"),"",IF(I66="Win",IF(G66>=100,H66*(G66/100),H66*(100/ABS(G66))),IF(I66="Loss",-H66,IF(I66="Push",0,"")))) | K66: =IF(H66="","",IF(K65="",K2,K65)+IF(J66="",0,J66))
J67: =IF(OR(H67="",I67="",I67="Pending"),"",IF(I67="Win",IF(G67>=100,H67*(G67/100),H67*(100/ABS(G67))),IF(I67="Loss",-H67,IF(I67="Push",0,"")))) | K67: =IF(H67="","",IF(K66="",K2,K66)+IF(J67="",0,J67))
J68: =IF(OR(H68="",I68="",I68="Pending"),"",IF(I68="Win",IF(G68>=100,H68*(G68/100),H68*(100/ABS(G68))),IF(I68="Loss",-H68,IF(I68="Push",0,"")))) | K68: =IF(H68="","",IF(K67="",K2,K67)+IF(J68="",0,J68))
J69: =IF(OR(H69="",I69="",I69="Pending"),"",IF(I69="Win",IF(G69>=100,H69*(G69/100),H69*(100/ABS(G69))),IF(I69="Loss",-H69,IF(I69="Push",0,"")))) | K69: =IF(H69="","",IF(K68="",K2,K68)+IF(J69="",0,J69))
J70: =IF(OR(H70="",I70="",I70="Pending"),"",IF(I70="Win",IF(G70>=100,H70*(G70/100),H70*(100/ABS(G70))),IF(I70="Loss",-H70,IF(I70="Push",0,"")))) | K70: =IF(H70="","",IF(K69="",K2,K69)+IF(J70="",0,J70))
J71: =IF(OR(H71="",I71="",I71="Pending"),"",IF(I71="Win",IF(G71>=100,H71*(G71/100),H71*(100/ABS(G71))),IF(I71="Loss",-H71,IF(I71="Push",0,"")))) | K71: =IF(H71="","",IF(K70="",K2,K70)+IF(J71="",0,J71))
J72: =IF(OR(H72="",I72="",I72="Pending"),"",IF(I72="Win",IF(G72>=100,H72*(G72/100),H72*(100/ABS(G72))),IF(I72="Loss",-H72,IF(I72="Push",0,"")))) | K72: =IF(H72="","",IF(K71="",K2,K71)+IF(J72="",0,J72))
J73: =IF(OR(H73="",I73="",I73="Pending"),"",IF(I73="Win",IF(G73>=100,H73*(G73/100),H73*(100/ABS(G73))),IF(I73="Loss",-H73,IF(I73="Push",0,"")))) | K73: =IF(H73="","",IF(K72="",K2,K72)+IF(J73="",0,J73))
J74: =IF(OR(H74="",I74="",I74="Pending"),"",IF(I74="Win",IF(G74>=100,H74*(G74/100),H74*(100/ABS(G74))),IF(I74="Loss",-H74,IF(I74="Push",0,"")))) | K74: =IF(H74="","",IF(K73="",K2,K73)+IF(J74="",0,J74))
J75: =IF(OR(H75="",I75="",I75="Pending"),"",IF(I75="Win",IF(G75>=100,H75*(G75/100),H75*(100/ABS(G75))),IF(I75="Loss",-H75,IF(I75="Push",0,"")))) | K75: =IF(H75="","",IF(K74="",K2,K74)+IF(J75="",0,J75))
J76: =IF(OR(H76="",I76="",I76="Pending"),"",IF(I76="Win",IF(G76>=100,H76*(G76/100),H76*(100/ABS(G76))),IF(I76="Loss",-H76,IF(I76="Push",0,"")))) | K76: =IF(H76="","",IF(K75="",K2,K75)+IF(J76="",0,J76))
J77: =IF(OR(H77="",I77="",I77="Pending"),"",IF(I77="Win",IF(G77>=100,H77*(G77/100),H77*(100/ABS(G77))),IF(I77="Loss",-H77,IF(I77="Push",0,"")))) | K77: =IF(H77="","",IF(K76="",K2,K76)+IF(J77="",0,J77))
J78: =IF(OR(H78="",I78="",I78="Pending"),"",IF(I78="Win",IF(G78>=100,H78*(G78/100),H78*(100/ABS(G78))),IF(I78="Loss",-H78,IF(I78="Push",0,"")))) | K78: =IF(H78="","",IF(K77="",K2,K77)+IF(J78="",0,J78))
J79: =IF(OR(H79="",I79="",I79="Pending"),"",IF(I79="Win",IF(G79>=100,H79*(G79/100),H79*(100/ABS(G79))),IF(I79="Loss",-H79,IF(I79="Push",0,"")))) | K79: =IF(H79="","",IF(K78="",K2,K78)+IF(J79="",0,J79))
J80: =IF(OR(H80="",I80="",I80="Pending"),"",IF(I80="Win",IF(G80>=100,H80*(G80/100),H80*(100/ABS(G80))),IF(I80="Loss",-H80,IF(I80="Push",0,"")))) | K80: =IF(H80="","",IF(K79="",K2,K79)+IF(J80="",0,J80))
J81: =IF(OR(H81="",I81="",I81="Pending"),"",IF(I81="Win",IF(G81>=100,H81*(G81/100),H81*(100/ABS(G81))),IF(I81="Loss",-H81,IF(I81="Push",0,"")))) | K81: =IF(H81="","",IF(K80="",K2,K80)+IF(J81="",0,J81))
J82: =IF(OR(H82="",I82="",I82="Pending"),"",IF(I82="Win",IF(G82>=100,H82*(G82/100),H82*(100/ABS(G82))),IF(I82="Loss",-H82,IF(I82="Push",0,"")))) | K82: =IF(H82="","",IF(K81="",K2,K81)+IF(J82="",0,J82))
J83: =IF(OR(H83="",I83="",I83="Pending"),"",IF(I83="Win",IF(G83>=100,H83*(G83/100),H83*(100/ABS(G83))),IF(I83="Loss",-H83,IF(I83="Push",0,"")))) | K83: =IF(H83="","",IF(K82="",K2,K82)+IF(J83="",0,J83))
J84: =IF(OR(H84="",I84="",I84="Pending"),"",IF(I84="Win",IF(G84>=100,H84*(G84/100),H84*(100/ABS(G84))),IF(I84="Loss",-H84,IF(I84="Push",0,"")))) | K84: =IF(H84="","",IF(K83="",K2,K83)+IF(J84="",0,J84))
J85: =IF(OR(H85="",I85="",I85="Pending"),"",IF(I85="Win",IF(G85>=100,H85*(G85/100),H85*(100/ABS(G85))),IF(I85="Loss",-H85,IF(I85="Push",0,"")))) | K85: =IF(H85="","",IF(K84="",K2,K84)+IF(J85="",0,J85))
J86: =IF(OR(H86="",I86="",I86="Pending"),"",IF(I86="Win",IF(G86>=100,H86*(G86/100),H86*(100/ABS(G86))),IF(I86="Loss",-H86,IF(I86="Push",0,"")))) | K86: =IF(H86="","",IF(K85="",K2,K85)+IF(J86="",0,J86))
J87: =IF(OR(H87="",I87="",I87="Pending"),"",IF(I87="Win",IF(G87>=100,H87*(G87/100),H87*(100/ABS(G87))),IF(I87="Loss",-H87,IF(I87="Push",0,"")))) | K87: =IF(H87="","",IF(K86="",K2,K86)+IF(J87="",0,J87))
J88: =IF(OR(H88="",I88="",I88="Pending"),"",IF(I88="Win",IF(G88>=100,H88*(G88/100),H88*(100/ABS(G88))),IF(I88="Loss",-H88,IF(I88="Push",0,"")))) | K88: =IF(H88="","",IF(K87="",K2,K87)+IF(J88="",0,J88))
J89: =IF(OR(H89="",I89="",I89="Pending"),"",IF(I89="Win",IF(G89>=100,H89*(G89/100),H89*(100/ABS(G89))),IF(I89="Loss",-H89,IF(I89="Push",0,"")))) | K89: =IF(H89="","",IF(K88="",K2,K88)+IF(J89="",0,J89))
J90: =IF(OR(H90="",I90="",I90="Pending"),"",IF(I90="Win",IF(G90>=100,H90*(G90/100),H90*(100/ABS(G90))),IF(I90="Loss",-H90,IF(I90="Push",0,"")))) | K90: =IF(H90="","",IF(K89="",K2,K89)+IF(J90="",0,J90))
J91: =IF(OR(H91="",I91="",I91="Pending"),"",IF(I91="Win",IF(G91>=100,H91*(G91/100),H91*(100/ABS(G91))),IF(I91="Loss",-H91,IF(I91="Push",0,"")))) | K91: =IF(H91="","",IF(K90="",K2,K90)+IF(J91="",0,J91))
J92: =IF(OR(H92="",I92="",I92="Pending"),"",IF(I92="Win",IF(G92>=100,H92*(G92/100),H92*(100/ABS(G92))),IF(I92="Loss",-H92,IF(I92="Push",0,"")))) | K92: =IF(H92="","",IF(K91="",K2,K91)+IF(J92="",0,J92))
J93: =IF(OR(H93="",I93="",I93="Pending"),"",IF(I93="Win",IF(G93>=100,H93*(G93/100),H93*(100/ABS(G93))),IF(I93="Loss",-H93,IF(I93="Push",0,"")))) | K93: =IF(H93="","",IF(K92="",K2,K92)+IF(J93="",0,J93))
J94: =IF(OR(H94="",I94="",I94="Pending"),"",IF(I94="Win",IF(G94>=100,H94*(G94/100),H94*(100/ABS(G94))),IF(I94="Loss",-H94,IF(I94="Push",0,"")))) | K94: =IF(H94="","",IF(K93="",K2,K93)+IF(J94="",0,J94))
J95: =IF(OR(H95="",I95="",I95="Pending"),"",IF(I95="Win",IF(G95>=100,H95*(G95/100),H95*(100/ABS(G95))),IF(I95="Loss",-H95,IF(I95="Push",0,"")))) | K95: =IF(H95="","",IF(K94="",K2,K94)+IF(J95="",0,J95))
J96: =IF(OR(H96="",I96="",I96="Pending"),"",IF(I96="Win",IF(G96>=100,H96*(G96/100),H96*(100/ABS(G96))),IF(I96="Loss",-H96,IF(I96="Push",0,"")))) | K96: =IF(H96="","",IF(K95="",K2,K95)+IF(J96="",0,J96))
J97: =IF(OR(H97="",I97="",I97="Pending"),"",IF(I97="Win",IF(G97>=100,H97*(G97/100),H97*(100/ABS(G97))),IF(I97="Loss",-H97,IF(I97="Push",0,"")))) | K97: =IF(H97="","",IF(K96="",K2,K96)+IF(J97="",0,J97))
J98: =IF(OR(H98="",I98="",I98="Pending"),"",IF(I98="Win",IF(G98>=100,H98*(G98/100),H98*(100/ABS(G98))),IF(I98="Loss",-H98,IF(I98="Push",0,"")))) | K98: =IF(H98="","",IF(K97="",K2,K97)+IF(J98="",0,J98))
J99: =IF(OR(H99="",I99="",I99="Pending"),"",IF(I99="Win",IF(G99>=100,H99*(G99/100),H99*(100/ABS(G99))),IF(I99="Loss",-H99,IF(I99="Push",0,"")))) | K99: =IF(H99="","",IF(K98="",K2,K98)+IF(J99="",0,J99))
J100: =IF(OR(H100="",I100="",I100="Pending"),"",IF(I100="Win",IF(G100>=100,H100*(G100/100),H100*(100/ABS(G100))),IF(I100="Loss",-H100,IF(I100="Push",0,"")))) | K100: =IF(H100="","",IF(K99="",K2,K99)+IF(J100="",0,J100))
...

Sheet How To Use
B1: HOW TO USE — BET THE FARM TRACKER
B3: GETTING STARTED
B4: Step 1 — Set Your Bankroll | C4: Go to the Bet Log sheet. In cell K2 (the blue cell), enter your group's starting bankroll. Default is $1,000. This anchors all running balance calculations.
B5: Step 2 — Log Every Bet | C5: Fill in one row per bet: • Date — when you placed the bet • Sport — dropdown (CBB, CFB, NFL, NBA, MLB, NHL) • Matchup — e.g. 'Kansas @ Duke' • Bet Type — dropdown (Spread, ML, Total, Parlay, Prop, etc.) • Pick / Side — what you bet, e.g. 'Kansas -3.5' • Line — the spread or total number (e.g. -3.5 or 48.5) • Odds — American odds (e.g. -110 or +150) • Stake — dollar amount wagered • Result — Win / Loss / Push / Pending • Sportsbook — where you placed the bet
B6: Step 3 — Track Results | C6: Once a game is final, update the Result to Win, Loss, or Push. Net P&L and Running Balance auto-calculate. Rows turn green for wins, red for losses.
B7: Step 4 — Check the Dashboard | C7: The Dashboard tab shows overall W/L/Win%/ROI/P&L plus breakdowns by Sport and Bet Type. The bankroll chart updates automatically as you log results.
B8: UNDERSTANDING AMERICAN ODDS
B9: -110 | C9: Standard vig on most spread/total bets. Bet $110 to win $100. Break-even win rate: 52.4%.
B10: -200 | C10: Big favorite on moneyline. Bet $200 to win $100. Need 66.7% win rate to profit.
B11: +150 | C11: Underdog on moneyline. Bet $100 to win $150. Only need 40% win rate to profit.
B12: TIPS FOR FINDING AN EDGE
B13: Shop lines | C13: Always compare FanDuel, DraftKings, BetMGM, and Caesars. Half a point on a spread makes a real difference over a season.
B14: Track closing line value | C14: If you consistently beat the line at close, you're a sharp bettor. It's the best long-term skill indicator.
B15: College Basketball | C15: Focus on pace, adjusted efficiency (kenpom.com), home/away splits, and conference familiarity. Fade public teams in neutral-site games.
B16: College Football | C16: Situational spots: look-ahead games, revenge games, weather, travel distance, and teams playing their 3rd road game in 4 weeks.
B17: NFL | C17: Prime-time inflated lines, divisional game overs/unders, injury reports (especially QB, OL), and rest advantages.
B18: NBA | C18: Back-to-backs, rest advantages, pace mismatches for totals, and player prop value on high-usage players.
B19: MLB | C19: Starting pitcher matchup, bullpen depth, park factors, weather (wind direction/speed), and team totals on run lines.
B20: NHL | C20: Goalie confirmations before betting, puck line value on heavy favorites, and road dogs in divisional games.
B21: BANKROLL MANAGEMENT
B22: Unit sizing | C22: Bet 1–3% of bankroll per game. A 'unit' is typically 1% of your starting bankroll.
B23: Never chase losses | C23: Stick to your unit size even after a bad run. Variance is real — protect the bankroll.
B24: Parlays | C24: Fun but high-vig. Keep parlay exposure to <10% of bets. Single-game +EV bets build bankroll more reliably.
